{"cameraMode":{"drawMode":0,"name":"Shaded","section":"Shading Mode"},"sceneLighting":true,"audioPlay":false,"sceneViewState":{"showFog":true,"showMaterialUpdate":false,"showSkybox":true,"showFlares":true,"showImageEffects":true,"showParticleSystems":true},"in2DMode":false,"pivot":{"x":535.3734130859375,"y":1282.666748046875,"z":0.0},"rotation":{"x":-0.2831644117832184,"y":0.043706610798835757,"z":-0.012919158674776554,"w":-0.9579914808273315},"size":958.0437622070313,"orthographic":false}